structure,chain,position,residue,sidechain_sasa
2HBS,B,70,ALA,0.0
2HBS,D,70,ALA,9.7
2HBS,F,70,ALA,6.0
2HBS,H,70,ALA,10.9
2HBS,B,73,ASP,22.6
2HBS,D,73,ASP,78.6
2HBS,F,73,ASP,84.8
2HBS,H,73,ASP,97.4
2HBS,B,84,THR,15.7
2HBS,D,84,THR,14.5
2HBS,F,84,THR,17.4
2HBS,H,84,THR,16.4
2HBS,B,85,PHE,0.0
2HBS,D,85,PHE,2.4
2HBS,F,85,PHE,4.8
2HBS,H,85,PHE,1.2
2HBS,B,88,LEU,1.2
2HBS,D,88,LEU,25.4
2HBS,F,88,LEU,26.6
2HBS,H,88,LEU,30.2
2HHB,B,70,ALA,8.5
2HHB,D,70,ALA,8.5
2HHB,B,73,ASP,99.2
2HHB,D,73,ASP,91.2
2HHB,B,84,THR,23.5
2HHB,D,84,THR,17.7
2HHB,B,85,PHE,6.0
2HHB,D,85,PHE,2.4
2HHB,B,88,LEU,29.0
2HHB,D,88,LEU,36.2
