structure,donor_chain,donor_res,donor_atom,partner_chain,partner_res,partner_atom,distance,partner_hydropathy
2HBS,H,VAL,CB,B,ASP73,OD2,3.1,-3.5
2HBS,H,VAL,CG2,B,ASP73,OD2,3.43,-3.5
2HBS,H,VAL,CG1,B,THR84,O,3.62,-0.7
2HBS,H,VAL,CG1,B,ASP73,OD2,3.73,-3.5
2HBS,H,VAL,CG2,B,ASP73,CB,3.8,-3.5
2HBS,H,VAL,CG2,B,ALA70,CB,3.83,1.8
2HBS,H,VAL,CG2,B,ALA70,O,3.85,1.8
2HBS,H,VAL,CG2,B,ALA70,CA,3.91,1.8
2HBS,H,VAL,CG2,B,PHE85,CE1,3.95,2.8
2HBS,H,VAL,CG2,B,ASP73,CG,4.09,-3.5
2HBS,H,VAL,CB,B,ASP73,CG,4.11,-3.5
2HBS,H,VAL,CG2,B,LEU88,CD1,4.18,3.8
2HBS,H,VAL,CG1,B,THR84,CG2,4.29,-0.7
2HBS,H,VAL,CG2,B,ALA70,C,4.31,1.8
2HBS,H,VAL,CB,B,ASP73,CB,4.36,-3.5
2HBS,H,VAL,CG2,B,PHE85,CD1,4.42,2.8
2HBS,H,VAL,CG1,B,THR84,C,4.67,-0.7
2HBS,H,VAL,CG2,B,THR84,CG2,4.78,-0.7
2HBS,H,VAL,CG1,B,ASP73,CG,4.86,-3.5
2HBS,H,VAL,CG2,B,PHE85,CZ,4.88,2.8
2HBS,H,VAL,CB,B,THR84,O,4.92,-0.7
2HBS,H,VAL,CB,B,LEU88,CD1,4.97,3.8
2HBS,H,VAL,CG2,B,THR84,O,4.98,-0.7
